{"cameraMode":{"drawMode":0,"name":"Shaded","section":"Shading Mode"},"sceneLighting":false,"audioPlay":false,"sceneViewState":{"m_AlwaysRefresh":false,"showFog":true,"showSkybox":false,"showFlares":true,"showImageEffects":true,"showParticleSystems":true,"showVisualEffectGraphs":true,"m_FxEnabled":true},"in2DMode":false,"pivot":{"x":604.5445556640625,"y":20.588151931762697,"z":400.46099853515627},"rotation":{"x":0.35688796639442446,"y":-0.6403461694717407,"z":0.4423277974128723,"w":0.5166575312614441},"size":3.7101056575775148,"orthographic":true}