{"cameraMode":{"drawMode":0,"name":"Shaded","section":"Shading Mode"},"sceneLighting":false,"audioPlay":false,"sceneViewState":{"m_AlwaysRefresh":false,"showFog":true,"showSkybox":false,"showFlares":true,"showImageEffects":true,"showParticleSystems":true,"showVisualEffectGraphs":true,"m_FxEnabled":true},"in2DMode":false,"pivot":{"x":0.29624295234680178,"y":-6.030422687530518,"z":1.1622791290283204},"rotation":{"x":-0.06409883499145508,"y":0.6583317518234253,"z":-0.05642636492848396,"w":-0.7478764057159424},"size":1.4660253524780274,"orthographic":false}