{"cameraMode":{"drawMode":0,"name":"Shaded","section":"Shading Mode"},"sceneLighting":false,"audioPlay":false,"sceneViewState":{"m_AlwaysRefresh":false,"showFog":true,"showSkybox":false,"showFlares":true,"showImageEffects":true,"showParticleSystems":true,"showVisualEffectGraphs":true,"m_FxEnabled":true},"in2DMode":false,"pivot":{"x":455.8506164550781,"y":28.220672607421876,"z":154.30856323242188},"rotation":{"x":0.21316947042942048,"y":-0.3170830011367798,"z":0.07337316870689392,"w":0.9212135076522827},"size":17.20490074157715,"orthographic":true}