{"cameraMode":{"drawMode":0,"name":"Shaded","section":"Shading Mode"},"sceneLighting":false,"audioPlay":false,"sceneViewState":{"m_AlwaysRefresh":false,"showFog":true,"showSkybox":false,"showFlares":true,"showImageEffects":true,"showParticleSystems":true,"showVisualEffectGraphs":true,"m_FxEnabled":true},"in2DMode":false,"pivot":{"x":217.56341552734376,"y":42.71727752685547,"z":-121.48590087890625},"rotation":{"x":0.007647228427231312,"y":-0.9910591244697571,"z":0.06550780683755875,"w":0.1162109449505806},"size":9.380046844482422,"orthographic":false}